{"_id":{"$oid":"581bc6fd58f37b0df0890e4b"},"_class":"com.sjcdigital.temis.model.document.Alderman","name":"Amélia Naomi","politicalParty":"PT (Partido dos Trabalhadores)","info":"Amélia Naomi Omura, nascida em 12 de junho de 1960 em Aparecida D'Oeste (SP). Assistente social.","email":"amelia@camarasjc.sp.gov.br","legislature":"7º mandato (1989-2016)","workplace":"Sala 11 - Térreo","photo":"http://www.camarasjc.sp.gov.br/arquivo/thumb/vereadores/2c4d4378a4ea90ded488_336x441_0_0.jpg","phone":"(12) 3925-6501","notFound":false,"lawsCount":"50"}
{"_id":{"$oid":"581bc6fd58f37b0df0890e4c"},"_class":"com.sjcdigital.temis.model.document.Alderman","name":"Carlinhos Tiaca","politicalParty":"PDT (Partido Democrático Trabalhista)","info":"Carlos Alberto Fernandes Pinto, nascido em 20 de janeiro de 1966 em São José dos Campos. Jornalista.","email":"carlinhostiaca@camarasjc.sp.gov.br","legislature":"1º mandato (2013-2016)","workplace":"Sala 6 - Térreo","photo":"http://www.camarasjc.sp.gov.br/arquivo/thumb/vereadores/fa2db849f8fdd4f139ac_336x441_0_0.jpg","phone":"(12) 3925-6526","notFound":false,"lawsCount":"17"}
{"_id":{"$oid":"581bc6fd58f37b0df0890e4d"},"_class":"com.sjcdigital.temis.model.document.Alderman","name":"Dilermando Dié","politicalParty":"PSDB (Partido da Social Democracia Brasileira)","info":"Dilermando Antônio de Alvarenga, nascido em 26 de outubro de 1957 em Paraibuna (SP). Advogado.","email":"die@camarasjc.sp.gov.br","legislature":"5º mandato (1997-2016)","workplace":"Sala 14 - 1º Andar","photo":"http://www.camarasjc.sp.gov.br/arquivo/thumb/vereadores/c712cdf8639d0f013a3e_336x441_0_0.jpg","phone":"(12) 3925-6518","notFound":false,"lawsCount":"202"}
{"_id":{"$oid":"581bc6fe58f37b0df0890e4e"},"_class":"com.sjcdigital.temis.model.document.Alderman","name":"Dr. Roniel","politicalParty":"DEM (Democratas)","info":"Roniel Tadeu Soeiro de Faria, nascido em 28 de outubro de 1961 em São Paulo (SP). Médico.","email":"drroniel@camarasjc.sp.gov.br","legislature":"1º mandato (2013-2016)","workplace":"Sala 01 - Térreo","photo":"http://www.camarasjc.sp.gov.br/arquivo/thumb/vereadores/9e39c60cec04f76c9cee_336x441_0_0.jpg","phone":"(12) 3925-6569","notFound":false,"lawsCount":"13"}
{"_id":{"$oid":"581bc6fe58f37b0df0890e4f"},"_class":"com.sjcdigital.temis.model.document.Alderman","name":"Dra. Angela","politicalParty":"PT (Partido dos Trabalhadores)","info":"Angela Moraes Guadagnin, nascida em 08 de abril de 1948 no Rio de Janeiro (RJ). Médica pediatra.","email":"draangela@camarasjc.sp.gov.br","legislature":"2º mandato (2009-2012)","workplace":"Sala 17 - 1º Andar","photo":"http://www.camarasjc.sp.gov.br/arquivo/thumb/vereadores/5fc774939ab8409f07e9_336x441_0_0.jpg","phone":"(12) 3925-6535","notFound":false,"lawsCount":"20"}
{"_id":{"$oid":"581bc6fe58f37b0df0890e50"},"_class":"com.sjcdigital.temis.model.document.Alderman","name":"Dulce Rita","politicalParty":"PSDB (Partido da Social Democracia Brasileira)","info":"Dulce Rita Chaves de Andrade  Dabkiewicz, nascida em 26 de maio de 1950 em Campos do Jordão (SP). Economista.","email":"dulce.rita@camarasjc.sp.gov.br","legislature":"4º mandato (1997-2000/2005-2016)","workplace":"Sala 07 - Térreo","photo":"http://www.camarasjc.sp.gov.br/arquivo/thumb/vereadores/194fcc210b85f8a466c6_336x441_0_0.jpg","phone":"(12) 3925-6534","notFound":false,"lawsCount":"195"}
{"_id":{"$oid":"581bc6fe58f37b0df0890e51"},"_class":"com.sjcdigital.temis.model.document.Alderman","name":"Fernando Petiti da Farmácia Comunitária","politicalParty":"PSDB (Partido da Social Democracia Brasileira)","info":"Fernando Luiz Isoppo Petiti, nascido em 10 de junho de 1970 em São José dos Campos. Relações-públicas.","email":"petiti@camarasjc.sp.gov.br","legislature":"3º mandato (2005-2016)","workplace":"Sala 04 - Térreo","photo":"http://www.camarasjc.sp.gov.br/arquivo/thumb/vereadores/d2eeb43c531f1b413bc3_336x441_0_0.jpg","phone":"(12) 3925-6532","notFound":false,"lawsCount":"97"}
{"_id":{"$oid":"581bc6fe58f37b0df0890e52"},"_class":"com.sjcdigital.temis.model.document.Alderman","name":"Juliana Fraga","politicalParty":"PT (Partido dos Trabalhadores)","info":"Juliana Fraga e Silva de Souza, nascida em 22 de setembro de 1977 em São Paulo (SP). Pedagoga.","email":"julianafraga@camarasjc.sp.gov.br","legislature":"1º mandato (2013-2016)","workplace":"Sala 02 - Térreo","photo":"http://www.camarasjc.sp.gov.br/arquivo/thumb/vereadores/dcd53739d4486695cdee_336x441_0_0.jpg","phone":"(12) 3925-6528","notFound":false,"lawsCount":"12"}
{"_id":{"$oid":"581bc6fe58f37b0df0890e53"},"_class":"com.sjcdigital.temis.model.document.Alderman","name":"Juvenil Silvério","politicalParty":"PSDB (Partido da Social Democracia Brasileira)","info":"Juvenil de Almeida Silvério, nascido em 28 de maio de 1970 em Jaboti (PR). Funcionário público federal.","email":"juvenil@camarasjc.sp.gov.br","legislature":"3º mandato (2005-2016)","workplace":"Sala 23 - 1º Andar","photo":"http://www.camarasjc.sp.gov.br/arquivo/thumb/vereadores/19fd3b0e45f95cd2b148_336x441_0_0.jpg","phone":"(12) 3925-6565","notFound":false,"lawsCount":"105"}
{"_id":{"$oid":"581bc6fe58f37b0df0890e54"},"_class":"com.sjcdigital.temis.model.document.Alderman","name":"Luiz Mota","politicalParty":"PSC (Partido Social Cristão)","info":"Luiz Carlos Mota, nascido em 26 de janeiro de 1958 em Paulo de Faria (SP). Comerciante.","email":"luizmota@camarasjc.sp.gov.br","legislature":"3º mandato (2005-2016)","workplace":"Sala 08 - Térreo","photo":"http://www.camarasjc.sp.gov.br/arquivo/thumb/vereadores/3809a92a965e2bc813b0_336x441_0_0.jpg","phone":"(12) 3925-6570","notFound":false,"lawsCount":"100"}
{"_id":{"$oid":"581bc6ff58f37b0df0890e55"},"_class":"com.sjcdigital.temis.model.document.Alderman","name":"Macedo Bastos","politicalParty":"PSD (Partido Social Democrático)","info":"Carlos Alberto Macedo Bastos, nascido em 03 de junho de 1949 em São José dos Campos. Delegado de Polícia.","email":"macedobastos@camarasjc.sp.gov.br","legislature":"8º mandato (1974-1981/1989-1996/2001-2016)","workplace":"Sala 22 - 1º Andar","photo":"http://www.camarasjc.sp.gov.br/arquivo/thumb/vereadores/fdb0028dbe6686100004_336x441_0_0.jpg","phone":"(12) 3925-6546","notFound":false,"lawsCount":"150"}
{"_id":{"$oid":"581bc6ff58f37b0df0890e56"},"_class":"com.sjcdigital.temis.model.document.Alderman","name":"Prof. Calasans Camargo","politicalParty":"PRP (Partido Republicano Progressista)","info":"Cláudio Calasans Camargo, nascido em 31 de agosto de 1963 em São Paulo (SP). Educador físico.","email":"professorcalasanscamargo@camarasjc.sp.gov.br","legislature":"1º mandato (2013-2016)","workplace":"Sala 19 - 1º Andar","photo":"http://www.camarasjc.sp.gov.br/arquivo/thumb/vereadores/6265080a6fa3b7244bda_336x441_0_0.jpg","phone":"(12) 3925-6543","notFound":false,"lawsCount":"19"}
{"_id":{"$oid":"581bc6ff58f37b0df0890e57"},"_class":"com.sjcdigital.temis.model.document.Alderman","name":"Renata Paiva","politicalParty":"PSD (Partido Social Democrático)","info":"Renata Lemes de Paiva, nascida em 15 de abril de 1961 em Taubaté (SP). Advogada.","email":"renata.paiva@camarasjc.sp.gov.br","legislature":"2º mandato (2009-2016)","workplace":"Sala 24 - 1º Andar","photo":"http://www.camarasjc.sp.gov.br/arquivo/thumb/vereadores/4dfb2d18df5835edd476_336x441_0_0.jpg","phone":"(12) 3925-6509","notFound":false,"lawsCount":"68"}
{"_id":{"$oid":"581bc6ff58f37b0df0890e58"},"_class":"com.sjcdigital.temis.model.document.Alderman","name":"Robertinho da Padaria","politicalParty":"PPS (Partido Popular Socialista)","info":"Roberto da Penha Ramos, nascido em 07 de maio de 1968 em Igaratá (SP). Comerciante.","email":"robertinho@camarasjc.sp.gov.br","legislature":"3º mandato (2005-2016)","workplace":"Sala 16 - 1º Andar","photo":"http://www.camarasjc.sp.gov.br/arquivo/thumb/vereadores/e2e0f79ce0cd352c34b3_336x441_0_0.jpg","phone":"(12) 3925-6622","notFound":false,"lawsCount":"61"}
{"_id":{"$oid":"581bc6ff58f37b0df0890e59"},"_class":"com.sjcdigital.temis.model.document.Alderman","name":"Roberto do Eleven","politicalParty":"PRB (Partido Republicano Brasileiro)","info":"José Roberto de Castro Morais, nascido em 02 de novembro de 1964 em Caxambú (MG). Comerciante.","email":"robertodoeleven@camarasjc.sp.gov.br","legislature":"1º mandato (2013-2016)","workplace":"Sala 09 - Térreo","photo":"http://www.camarasjc.sp.gov.br/arquivo/thumb/vereadores/2f6ec9411bb50a0e0d2c_336x441_0_0.jpg","phone":"(12) 3925-6568","notFound":false,"lawsCount":"12"}
{"_id":{"$oid":"581bc6ff58f37b0df0890e5a"},"_class":"com.sjcdigital.temis.model.document.Alderman","name":"Rogério Cyborg","politicalParty":"PV (Partido Verde)","info":"Rogério Cyborg da Matta Castro, nascido em 18 de setembro de 1971 em Mogi das Cruzes (SP). Administrador de empresas.","email":"cyborg@camarasjc.sp.gov.br","legislature":"1º Mandato (2013-2016)","workplace":"Sala 18 - 1º Andar","photo":"http://www.camarasjc.sp.gov.br/arquivo/thumb/vereadores/7ed3ef8444adb588dad3_336x441_0_0.jpg","phone":"(12) 3925-6531","notFound":false,"lawsCount":"19"}
{"_id":{"$oid":"581bc6ff58f37b0df0890e5b"},"_class":"com.sjcdigital.temis.model.document.Alderman","name":"Shakespeare Carvalho","politicalParty":"PRB (Partido Republicano Brasileiro)","info":"Shakespeare Viana Carvalho, nascido em 14 de abril de 1980 em São José dos Campos. Bacharel em Direito.","email":"shakespeare@camarasjc.sp.gov.br","legislature":"1º Mandato (2013-2016)","workplace":"Sala 21 - 1º Andar","photo":"http://www.camarasjc.sp.gov.br/arquivo/thumb/vereadores/e9c83acc19490d35af9c_336x441_0_0.jpg","phone":"(12) 3925-6529","notFound":false,"lawsCount":"11"}
{"_id":{"$oid":"581bc6ff58f37b0df0890e5c"},"_class":"com.sjcdigital.temis.model.document.Alderman","name":"Sem autor","photo":"http://sjcdigital.github.io/balanco-municipios-sp/images/dados_abertos_sjc.jpg","notFound":true,"lawsCount":"5335"}
{"_id":{"$oid":"581bc6ff58f37b0df0890e5d"},"_class":"com.sjcdigital.temis.model.document.Alderman","name":"Valdir Alvarenga","politicalParty":"SD (Partido Solidariedade)","info":"Valdir de Alvarenga, nascido em 07 de maio de 1961 em Paraibuna (SP). Advogado.","email":"valdir@camarasjc.sp.gov.br","legislature":"5º mandato (1993-1996/2001-2016)","workplace":"Sala 10 - Térreo","photo":"http://www.camarasjc.sp.gov.br/arquivo/thumb/vereadores/89c9f1a5e9e685a05a3e_336x441_0_0.jpg","phone":"(12) 3925-6507","notFound":false,"lawsCount":"177"}
{"_id":{"$oid":"581bc6ff58f37b0df0890e5e"},"_class":"com.sjcdigital.temis.model.document.Alderman","name":"Wagner Balieiro","politicalParty":"PT (Partido dos Trabalhadores)","info":"Wagner Ocimar Balieiro, nascido em 05 de abril de 1978 em São José dos Campos. Engenheiro eletricista.","email":"wagnerbalieiro@camarasjc.sp.gov.br","legislature":"3º mandato (2005-2016)","workplace":"Sala 05 - Térreo","photo":"http://www.camarasjc.sp.gov.br/arquivo/thumb/vereadores/f90f215f4002778f6785_336x441_0_0.jpg","phone":"(12) 3925-6561","notFound":false,"lawsCount":"62"}
{"_id":{"$oid":"581bc6ff58f37b0df0890e60"},"_class":"com.sjcdigital.temis.model.document.Alderman","name":"Walter Hayashi","politicalParty":"PSC (Partido Social Cristão)","info":"Walter Katsunori Hayashi, nascido em 24 de março de 1946 em Garça (SP). Engenheiro químico.","email":"walterhayashi@camarasjc.sp.gov.br","legislature":"5º mandato (1997-2016)","workplace":"Sala 20 - 1º Andar","photo":"http://www.camarasjc.sp.gov.br/arquivo/thumb/vereadores/fc48a4aa0f1fee0ee80b_336x441_0_0.jpg","phone":"(12) 3925-6525","notFound":false,"lawsCount":"251"}
{"_id":{"$oid":"581bc6ff58f37b0df0890e61"},"_class":"com.sjcdigital.temis.model.document.Alderman","name":"Willis Goulart","politicalParty":"PMB (Partido da Mulher Brasileira)","info":"Willis Bento Goulart, nascido em 04 de outubro de 1968 em São José dos Campos. Músico.","email":"willis@camarasjc.sp.gov.br","legislature":"1º mandato (2013-2016)","workplace":"Sala 12 - Térreo","photo":"http://www.camarasjc.sp.gov.br/arquivo/thumb/vereadores/9b0c39acdb561d1a0d9b_336x441_0_0.jpg","phone":"(12) 3925-6530","notFound":false,"lawsCount":"25"}
{"_id":{"$oid":"581bc82c58f37b0df0891b8c"},"_class":"com.sjcdigital.temis.model.document.Alderman","name":"José Guido","photo":"http://sjcdigital.github.io/balanco-municipios-sp/images/dados_abertos_sjc.jpg","notFound":true,"lawsCount":"4"}
{"_id":{"$oid":"581bc82c58f37b0df0891b8f"},"_class":"com.sjcdigital.temis.model.document.Alderman","name":"Antonio Escada","photo":"http://sjcdigital.github.io/balanco-municipios-sp/images/dados_abertos_sjc.jpg","notFound":true,"lawsCount":"3"}
{"_id":{"$oid":"581bc82d58f37b0df0891b94"},"_class":"com.sjcdigital.temis.model.document.Alderman","name":"Mesa da Câmara","photo":"http://sjcdigital.github.io/balanco-municipios-sp/images/dados_abertos_sjc.jpg","notFound":true,"lawsCount":"6"}
{"_id":{"$oid":"581bc82d58f37b0df0891b96"},"_class":"com.sjcdigital.temis.model.document.Alderman","name":"Jairo Pintos","photo":"http://sjcdigital.github.io/balanco-municipios-sp/images/dados_abertos_sjc.jpg","notFound":true,"lawsCount":"163"}
{"_id":{"$oid":"581bc82d58f37b0df0891b98"},"_class":"com.sjcdigital.temis.model.document.Alderman","name":"Fernando Biruel","photo":"http://sjcdigital.github.io/balanco-municipios-sp/images/dados_abertos_sjc.jpg","notFound":true,"lawsCount":"1"}
{"_id":{"$oid":"581bc82d58f37b0df0891b9b"},"_class":"com.sjcdigital.temis.model.document.Alderman","name":"Carlos Sebe","photo":"http://sjcdigital.github.io/balanco-municipios-sp/images/dados_abertos_sjc.jpg","notFound":true,"lawsCount":"1"}
{"_id":{"$oid":"581bc82d58f37b0df0891b9f"},"_class":"com.sjcdigital.temis.model.document.Alderman","name":"Fernando Delgado","photo":"http://sjcdigital.github.io/balanco-municipios-sp/images/dados_abertos_sjc.jpg","notFound":true,"lawsCount":"31"}
{"_id":{"$oid":"581bc82d58f37b0df0891ba1"},"_class":"com.sjcdigital.temis.model.document.Alderman","name":"Pedro Celestino De Freitas","photo":"http://sjcdigital.github.io/balanco-municipios-sp/images/dados_abertos_sjc.jpg","notFound":true,"lawsCount":"7"}
{"_id":{"$oid":"581bc82d58f37b0df0891ba5"},"_class":"com.sjcdigital.temis.model.document.Alderman","name":"Benedito De Siqueira","photo":"http://sjcdigital.github.io/balanco-municipios-sp/images/dados_abertos_sjc.jpg","notFound":true,"lawsCount":"3"}
{"_id":{"$oid":"581bc82d58f37b0df0891ba9"},"_class":"com.sjcdigital.temis.model.document.Alderman","name":"José Clementino","photo":"http://sjcdigital.github.io/balanco-municipios-sp/images/dados_abertos_sjc.jpg","notFound":true,"lawsCount":"2"}
{"_id":{"$oid":"581bc82e58f37b0df0891baf"},"_class":"com.sjcdigital.temis.model.document.Alderman","name":"Mário Valério","photo":"http://sjcdigital.github.io/balanco-municipios-sp/images/dados_abertos_sjc.jpg","notFound":true,"lawsCount":"1"}
{"_id":{"$oid":"581bc82e58f37b0df0891bb9"},"_class":"com.sjcdigital.temis.model.document.Alderman","name":"Nadim Rahal","photo":"http://sjcdigital.github.io/balanco-municipios-sp/images/dados_abertos_sjc.jpg","notFound":true,"lawsCount":"1"}
{"_id":{"$oid":"581bc82e58f37b0df0891bcc"},"_class":"com.sjcdigital.temis.model.document.Alderman","name":"Luiz Paulo Costa","photo":"http://sjcdigital.github.io/balanco-municipios-sp/images/dados_abertos_sjc.jpg","notFound":true,"lawsCount":"59"}
{"_id":{"$oid":"581bc82f58f37b0df0891beb"},"_class":"com.sjcdigital.temis.model.document.Alderman","name":"Toni Florestam","photo":"http://sjcdigital.github.io/balanco-municipios-sp/images/dados_abertos_sjc.jpg","notFound":true,"lawsCount":"11"}
{"_id":{"$oid":"581bc82f58f37b0df0891bf1"},"_class":"com.sjcdigital.temis.model.document.Alderman","name":"Miguel Assis","photo":"http://sjcdigital.github.io/balanco-municipios-sp/images/dados_abertos_sjc.jpg","notFound":true,"lawsCount":"7"}
{"_id":{"$oid":"581bc82f58f37b0df0891bfa"},"_class":"com.sjcdigital.temis.model.document.Alderman","name":"Roberto Barbosa","photo":"http://sjcdigital.github.io/balanco-municipios-sp/images/dados_abertos_sjc.jpg","notFound":true,"lawsCount":"52"}
{"_id":{"$oid":"581bc82f58f37b0df0891c0c"},"_class":"com.sjcdigital.temis.model.document.Alderman","name":"Jairo De Atos","photo":"http://sjcdigital.github.io/balanco-municipios-sp/images/dados_abertos_sjc.jpg","notFound":true,"lawsCount":"1"}
{"_id":{"$oid":"581bc82f58f37b0df0891c18"},"_class":"com.sjcdigital.temis.model.document.Alderman","name":"Santos Neves","photo":"http://sjcdigital.github.io/balanco-municipios-sp/images/dados_abertos_sjc.jpg","notFound":true,"lawsCount":"86"}
{"_id":{"$oid":"581bc83058f37b0df0891c1d"},"_class":"com.sjcdigital.temis.model.document.Alderman","name":"José Carlos Paulino","photo":"http://sjcdigital.github.io/balanco-municipios-sp/images/dados_abertos_sjc.jpg","notFound":true,"lawsCount":"13"}
{"_id":{"$oid":"581bc83058f37b0df0891c23"},"_class":"com.sjcdigital.temis.model.document.Alderman","name":"José Laurindo Portela","photo":"http://sjcdigital.github.io/balanco-municipios-sp/images/dados_abertos_sjc.jpg","notFound":true,"lawsCount":"27"}
{"_id":{"$oid":"581bc83058f37b0df0891c33"},"_class":"com.sjcdigital.temis.model.document.Alderman","name":"Itamar Cóppio","photo":"http://sjcdigital.github.io/balanco-municipios-sp/images/dados_abertos_sjc.jpg","notFound":true,"lawsCount":"46"}
{"_id":{"$oid":"581bc83058f37b0df0891c36"},"_class":"com.sjcdigital.temis.model.document.Alderman","name":"Jorley Do Amaral","photo":"http://sjcdigital.github.io/balanco-municipios-sp/images/dados_abertos_sjc.jpg","notFound":true,"lawsCount":"86"}
{"_id":{"$oid":"581bc83058f37b0df0891c3d"},"_class":"com.sjcdigital.temis.model.document.Alderman","name":"Florivaldo Rocha","photo":"http://sjcdigital.github.io/balanco-municipios-sp/images/dados_abertos_sjc.jpg","notFound":true,"lawsCount":"136"}
{"_id":{"$oid":"581bc83058f37b0df0891c48"},"_class":"com.sjcdigital.temis.model.document.Alderman","name":"José Raimundo Romancini","photo":"http://sjcdigital.github.io/balanco-municipios-sp/images/dados_abertos_sjc.jpg","notFound":true,"lawsCount":"31"}
{"_id":{"$oid":"581bc83158f37b0df0891c7b"},"_class":"com.sjcdigital.temis.model.document.Alderman","name":"Edison Cyborg","photo":"http://sjcdigital.github.io/balanco-municipios-sp/images/dados_abertos_sjc.jpg","notFound":true,"lawsCount":"49"}
{"_id":{"$oid":"581bc83158f37b0df0891c85"},"_class":"com.sjcdigital.temis.model.document.Alderman","name":"Livinho Veneziani","photo":"http://sjcdigital.github.io/balanco-municipios-sp/images/dados_abertos_sjc.jpg","notFound":true,"lawsCount":"4"}
{"_id":{"$oid":"581bc83158f37b0df0891c94"},"_class":"com.sjcdigital.temis.model.document.Alderman","name":"Lindonice De Brito","photo":"http://sjcdigital.github.io/balanco-municipios-sp/images/dados_abertos_sjc.jpg","notFound":true,"lawsCount":"74"}
{"_id":{"$oid":"581bc83158f37b0df0891c97"},"_class":"com.sjcdigital.temis.model.document.Alderman","name":"Ahed Amim","photo":"http://sjcdigital.github.io/balanco-municipios-sp/images/dados_abertos_sjc.jpg","notFound":true,"lawsCount":"20"}
{"_id":{"$oid":"581bc83158f37b0df0891c99"},"_class":"com.sjcdigital.temis.model.document.Alderman","name":"Pedro Celestino Bala","photo":"http://sjcdigital.github.io/balanco-municipios-sp/images/dados_abertos_sjc.jpg","notFound":true,"lawsCount":"26"}
{"_id":{"$oid":"581bc83358f37b0df0891cea"},"_class":"com.sjcdigital.temis.model.document.Alderman","name":"João Bosco","photo":"http://sjcdigital.github.io/balanco-municipios-sp/images/dados_abertos_sjc.jpg","notFound":true,"lawsCount":"13"}
{"_id":{"$oid":"581bc83358f37b0df0891d06"},"_class":"com.sjcdigital.temis.model.document.Alderman","name":"Pedro C  De Freitas","photo":"http://sjcdigital.github.io/balanco-municipios-sp/images/dados_abertos_sjc.jpg","notFound":true,"lawsCount":"2"}
{"_id":{"$oid":"581bc83658f37b0df0891d84"},"_class":"com.sjcdigital.temis.model.document.Alderman","name":"Ernesto Gradella","photo":"http://sjcdigital.github.io/balanco-municipios-sp/images/dados_abertos_sjc.jpg","notFound":true,"lawsCount":"1"}
{"_id":{"$oid":"581bc83958f37b0df0891dfe"},"_class":"com.sjcdigital.temis.model.document.Alderman","name":"Carlinhos Almeida","photo":"http://sjcdigital.github.io/balanco-municipios-sp/images/dados_abertos_sjc.jpg","notFound":true,"lawsCount":"35"}
{"_id":{"$oid":"581bc83958f37b0df0891e10"},"_class":"com.sjcdigital.temis.model.document.Alderman","name":"Miranda Ueb","photo":"http://sjcdigital.github.io/balanco-municipios-sp/images/dados_abertos_sjc.jpg","notFound":true,"lawsCount":"148"}
{"_id":{"$oid":"581bc83d58f37b0df0891eb3"},"_class":"com.sjcdigital.temis.model.document.Alderman","name":"Nicolau Estéfano","photo":"http://sjcdigital.github.io/balanco-municipios-sp/images/dados_abertos_sjc.jpg","notFound":true,"lawsCount":"8"}
{"_id":{"$oid":"581bc83d58f37b0df0891ec6"},"_class":"com.sjcdigital.temis.model.document.Alderman","name":"Poder Executivo","photo":"http://sjcdigital.github.io/balanco-municipios-sp/images/dados_abertos_sjc.jpg","notFound":true,"lawsCount":"254"}
{"_id":{"$oid":"581bc83e58f37b0df0891ef8"},"_class":"com.sjcdigital.temis.model.document.Alderman","name":"Bérgamo Pedrosa","photo":"http://sjcdigital.github.io/balanco-municipios-sp/images/dados_abertos_sjc.jpg","notFound":true,"lawsCount":"3"}
{"_id":{"$oid":"581bc83f58f37b0df0891f3c"},"_class":"com.sjcdigital.temis.model.document.Alderman","name":"Lívio Veneziani","photo":"http://sjcdigital.github.io/balanco-municipios-sp/images/dados_abertos_sjc.jpg","notFound":true,"lawsCount":"2"}
{"_id":{"$oid":"581bc83f58f37b0df0891f47"},"_class":"com.sjcdigital.temis.model.document.Alderman","name":"José L  Portela","photo":"http://sjcdigital.github.io/balanco-municipios-sp/images/dados_abertos_sjc.jpg","notFound":true,"lawsCount":"2"}
{"_id":{"$oid":"581bc84058f37b0df0891f59"},"_class":"com.sjcdigital.temis.model.document.Alderman","name":"Jorge Borges Sobrinho","photo":"http://sjcdigital.github.io/balanco-municipios-sp/images/dados_abertos_sjc.jpg","notFound":true,"lawsCount":"1"}
{"_id":{"$oid":"581bc84058f37b0df0891f81"},"_class":"com.sjcdigital.temis.model.document.Alderman","name":"Antonio Alwan","photo":"http://sjcdigital.github.io/balanco-municipios-sp/images/dados_abertos_sjc.jpg","notFound":true,"lawsCount":"2"}
{"_id":{"$oid":"581bc84058f37b0df0891f84"},"_class":"com.sjcdigital.temis.model.document.Alderman","name":"Macedos Bastos","photo":"http://sjcdigital.github.io/balanco-municipios-sp/images/dados_abertos_sjc.jpg","notFound":true,"lawsCount":"1"}
{"_id":{"$oid":"581bc84158f37b0df0891fb4"},"_class":"com.sjcdigital.temis.model.document.Alderman","name":"Aloísio Petiti","photo":"http://sjcdigital.github.io/balanco-municipios-sp/images/dados_abertos_sjc.jpg","notFound":true,"lawsCount":"64"}
{"_id":{"$oid":"581bc84158f37b0df0891fd0"},"_class":"com.sjcdigital.temis.model.document.Alderman","name":"Sérgio Augusto","photo":"http://sjcdigital.github.io/balanco-municipios-sp/images/dados_abertos_sjc.jpg","notFound":true,"lawsCount":"36"}
{"_id":{"$oid":"581bc84258f37b0df0891fda"},"_class":"com.sjcdigital.temis.model.document.Alderman","name":"José C  Paulinho","photo":"http://sjcdigital.github.io/balanco-municipios-sp/images/dados_abertos_sjc.jpg","notFound":true,"lawsCount":"7"}
{"_id":{"$oid":"581bc84358f37b0df0892023"},"_class":"com.sjcdigital.temis.model.document.Alderman","name":"Serginho Do Forum","photo":"http://sjcdigital.github.io/balanco-municipios-sp/images/dados_abertos_sjc.jpg","notFound":true,"lawsCount":"6"}
{"_id":{"$oid":"581bc84358f37b0df0892025"},"_class":"com.sjcdigital.temis.model.document.Alderman","name":"João Bosco Da Silva","photo":"http://sjcdigital.github.io/balanco-municipios-sp/images/dados_abertos_sjc.jpg","notFound":true,"lawsCount":"1"}
{"_id":{"$oid":"581bc84458f37b0df0892038"},"_class":"com.sjcdigital.temis.model.document.Alderman","name":"Flávia Camarço","photo":"http://sjcdigital.github.io/balanco-municipios-sp/images/dados_abertos_sjc.jpg","notFound":true,"lawsCount":"26"}
{"_id":{"$oid":"581bc84458f37b0df089204b"},"_class":"com.sjcdigital.temis.model.document.Alderman","name":"Mesa Diretora","photo":"http://sjcdigital.github.io/balanco-municipios-sp/images/dados_abertos_sjc.jpg","notFound":true,"lawsCount":"41"}
{"_id":{"$oid":"581bc84758f37b0df08920db"},"_class":"com.sjcdigital.temis.model.document.Alderman","name":"Nata Amaral","photo":"http://sjcdigital.github.io/balanco-municipios-sp/images/dados_abertos_sjc.jpg","notFound":true,"lawsCount":"4"}
{"_id":{"$oid":"581bc87058f37b0df08921d4"},"_class":"com.sjcdigital.temis.model.document.Alderman","name":"Flavia Camargo","photo":"http://sjcdigital.github.io/balanco-municipios-sp/images/dados_abertos_sjc.jpg","notFound":true,"lawsCount":"1"}
{"_id":{"$oid":"581bc87b58f37b0df0892247"},"_class":"com.sjcdigital.temis.model.document.Alderman","name":"Alexandre Da Farmácia","photo":"http://sjcdigital.github.io/balanco-municipios-sp/images/dados_abertos_sjc.jpg","notFound":true,"lawsCount":"104"}
{"_id":{"$oid":"581bc87b58f37b0df089224e"},"_class":"com.sjcdigital.temis.model.document.Alderman","name":"Hélio Nishimoto","photo":"http://sjcdigital.github.io/balanco-municipios-sp/images/dados_abertos_sjc.jpg","notFound":true,"lawsCount":"104"}
{"_id":{"$oid":"581bc87b58f37b0df0892257"},"_class":"com.sjcdigital.temis.model.document.Alderman","name":"Cristóvão Gonçalves","photo":"http://sjcdigital.github.io/balanco-municipios-sp/images/dados_abertos_sjc.jpg","notFound":true,"lawsCount":"194"}
{"_id":{"$oid":"581bc87b58f37b0df0892262"},"_class":"com.sjcdigital.temis.model.document.Alderman","name":"Comissão De Justiça","photo":"http://sjcdigital.github.io/balanco-municipios-sp/images/dados_abertos_sjc.jpg","notFound":true,"lawsCount":"2"}
{"_id":{"$oid":"581bc87b58f37b0df0892276"},"_class":"com.sjcdigital.temis.model.document.Alderman","name":"Michiharu Sogabe","photo":"http://sjcdigital.github.io/balanco-municipios-sp/images/dados_abertos_sjc.jpg","notFound":true,"lawsCount":"22"}
{"_id":{"$oid":"581bc87c58f37b0df0892284"},"_class":"com.sjcdigital.temis.model.document.Alderman","name":"Lino Bispo","photo":"http://sjcdigital.github.io/balanco-municipios-sp/images/dados_abertos_sjc.jpg","notFound":true,"lawsCount":"29"}
{"_id":{"$oid":"581bc87d58f37b0df08922d0"},"_class":"com.sjcdigital.temis.model.document.Alderman","name":"Adriana Prado","photo":"http://sjcdigital.github.io/balanco-municipios-sp/images/dados_abertos_sjc.jpg","notFound":true,"lawsCount":"21"}
{"_id":{"$oid":"581bc88858f37b0df08924ec"},"_class":"com.sjcdigital.temis.model.document.Alderman","name":"Mauro Kano","photo":"http://sjcdigital.github.io/balanco-municipios-sp/images/dados_abertos_sjc.jpg","notFound":true,"lawsCount":"15"}
{"_id":{"$oid":"581bc88a58f37b0df089253f"},"_class":"com.sjcdigital.temis.model.document.Alderman","name":"Comissão de Justiça, Redação e Direitos Humanos","photo":"http://sjcdigital.github.io/balanco-municipios-sp/images/dados_abertos_sjc.jpg","notFound":true,"lawsCount":"1"}
{"_id":{"$oid":"581bc88b58f37b0df0892564"},"_class":"com.sjcdigital.temis.model.document.Alderman","name":"Cristiano Ferreira","photo":"http://sjcdigital.github.io/balanco-municipios-sp/images/dados_abertos_sjc.jpg","notFound":true,"lawsCount":"165"}
{"_id":{"$oid":"581bc88e58f37b0df089258c"},"_class":"com.sjcdigital.temis.model.document.Alderman","name":"Manoel De Lima","photo":"http://sjcdigital.github.io/balanco-municipios-sp/images/dados_abertos_sjc.jpg","notFound":true,"lawsCount":"28"}
{"_id":{"$oid":"581bc88f58f37b0df089259b"},"_class":"com.sjcdigital.temis.model.document.Alderman","name":"Osmar Ferreira","photo":"http://sjcdigital.github.io/balanco-municipios-sp/images/dados_abertos_sjc.jpg","notFound":true,"lawsCount":"44"}
{"_id":{"$oid":"581bc89058f37b0df08925ed"},"_class":"com.sjcdigital.temis.model.document.Alderman","name":"João Bezerra","photo":"http://sjcdigital.github.io/balanco-municipios-sp/images/dados_abertos_sjc.jpg","notFound":true,"lawsCount":"18"}
{"_id":{"$oid":"581bc8b358f37b0df08926ff"},"_class":"com.sjcdigital.temis.model.document.Alderman","name":"Giba Ribeiro","photo":"http://sjcdigital.github.io/balanco-municipios-sp/images/dados_abertos_sjc.jpg","notFound":true,"lawsCount":"12"}
{"_id":{"$oid":"581bc8b358f37b0df0892702"},"_class":"com.sjcdigital.temis.model.document.Alderman","name":"Maria Izélia","photo":"http://sjcdigital.github.io/balanco-municipios-sp/images/dados_abertos_sjc.jpg","notFound":true,"lawsCount":"8"}
{"_id":{"$oid":"581bc8b458f37b0df0892735"},"_class":"com.sjcdigital.temis.model.document.Alderman","name":"Jorley Amarai","photo":"http://sjcdigital.github.io/balanco-municipios-sp/images/dados_abertos_sjc.jpg","notFound":true,"lawsCount":"36"}
{"_id":{"$oid":"581bc8b858f37b0df08927fe"},"_class":"com.sjcdigital.temis.model.document.Alderman","name":"Neusa Do Carmo","photo":"http://sjcdigital.github.io/balanco-municipios-sp/images/dados_abertos_sjc.jpg","notFound":true,"lawsCount":"1"}
{"_id":{"$oid":"581bc8b858f37b0df089280a"},"_class":"com.sjcdigital.temis.model.document.Alderman","name":"Cristvao Gonalves","photo":"http://sjcdigital.github.io/balanco-municipios-sp/images/dados_abertos_sjc.jpg","notFound":true,"lawsCount":"2"}
{"_id":{"$oid":"581bc8bc58f37b0df0892914"},"_class":"com.sjcdigital.temis.model.document.Alderman","name":"Tonhão Dutra","photo":"http://sjcdigital.github.io/balanco-municipios-sp/images/dados_abertos_sjc.jpg","notFound":true,"lawsCount":"60"}
{"_id":{"$oid":"581bc8bd58f37b0df0892958"},"_class":"com.sjcdigital.temis.model.document.Alderman","name":"José Luis","photo":"http://sjcdigital.github.io/balanco-municipios-sp/images/dados_abertos_sjc.jpg","notFound":true,"lawsCount":"26"}
{"_id":{"$oid":"581bc8ed58f37b0df0892bbd"},"_class":"com.sjcdigital.temis.model.document.Alderman","name":"Bancada dos Vereadores","photo":"http://sjcdigital.github.io/balanco-municipios-sp/images/dados_abertos_sjc.jpg","notFound":true,"lawsCount":"1"}
{"_id":{"$oid":"581bc8ef58f37b0df0892bdf"},"_class":"com.sjcdigital.temis.model.document.Alderman","name":"Diversos Vereadores","photo":"http://sjcdigital.github.io/balanco-municipios-sp/images/dados_abertos_sjc.jpg","notFound":true,"lawsCount":"3"}
{"_id":{"$oid":"581bc8f558f37b0df0892d51"},"_class":"com.sjcdigital.temis.model.document.Alderman","name":"Vadinho Covas","photo":"http://sjcdigital.github.io/balanco-municipios-sp/images/dados_abertos_sjc.jpg","notFound":true,"lawsCount":"32"}
{"_id":{"$oid":"581bc8f558f37b0df0892d59"},"_class":"com.sjcdigital.temis.model.document.Alderman","name":"Jairo Santos","photo":"http://sjcdigital.github.io/balanco-municipios-sp/images/dados_abertos_sjc.jpg","notFound":true,"lawsCount":"32"}
{"_id":{"$oid":"581bc8f658f37b0df0892d76"},"_class":"com.sjcdigital.temis.model.document.Alderman","name":"João Das Mercês Tampão","photo":"http://sjcdigital.github.io/balanco-municipios-sp/images/dados_abertos_sjc.jpg","notFound":true,"lawsCount":"33"}
{"_id":{"$oid":"581bc8f758f37b0df0892dc8"},"_class":"com.sjcdigital.temis.model.document.Alderman","name":"Comissão de Servidores Públicos","photo":"http://sjcdigital.github.io/balanco-municipios-sp/images/dados_abertos_sjc.jpg","notFound":true,"lawsCount":"1"}
